{
  "project_info": {
    "project_number": "743822158189",
    "project_id": "pruebatecnica-c590f",
    "storage_bucket": "pruebatecnica-c590f.appspot.com"
  },
  "client": [
    {
      "client_info": {
        "mobilesdk_app_id": "1:743822158189:android:c3672267df5777d87b9264",
        "android_client_info": {
          "package_name": "com.lumbreras.pruebatecnica"
        }
      },
      "oauth_client": [
        {
          "client_id": "743822158189-t9i1i0qlm7u1oln51dq3cua46e6hr22a.apps.googleusercontent.com",
          "client_type": 3
        }
      ],
      "api_key": [
        {
          "current_key": "AIzaSyAm3IOdeUCEhbUYQjAk3y1mx5cZbj1wHaQ"
        }
      ],
      "services": {
        "appinvite_service": {
          "other_platform_oauth_client": [
            {
              "client_id": "743822158189-t9i1i0qlm7u1oln51dq3cua46e6hr22a.apps.googleusercontent.com",
              "client_type": 3
            }
          ]
        }
      }
    }
  ],
  "configuration_version": "1"
}